{
  "threshold": 0.008696305006742478,
  "auc": 0.9306696100073584,
  "cfg": {
    "sample_rate": 16000,
    "segment_duration": 2.0,
    "n_mels": 128,
    "n_fft": 1024,
    "hop_length": 256,
    "spec_height": 128,
    "spec_width": 128,
    "batch_size": 32,
    "epochs": 150,
    "lr": 0.001,
    "latent_dim": 32,
    "threshold_pct": 90,
    "ssim_weight": 0.5,
    "patience": 15,
    "model_path": "model.pth",
    "machine_id": "id_00"
  },
  "train_losses": [
    0.33469116741960697,
    0.2928673974492333,
    0.2862340610135685,
    0.2786340209570798,
    0.27330204248428347,
    0.2707232564687729,
    0.26874892847104503,
    0.2653608446771448,
    0.2623437055132606,
    0.25914631458846005,
    0.25705278407443655,
    0.25577195544134484,
    0.25483731722289865,
    0.25398191200061276,
    0.2533231131055138,
    0.2525993756272576,
    0.25208940478888425,
    0.25145507468418643,
    0.25080431401729586,
    0.25021414648402823,
    0.24972119507464496,
    0.24913105368614197,
    0.24850036772814663,
    0.2480212313207713,
    0.2474317114461552,
    0.24687710025093773,
    0.246277322687886,
    0.24573315490375866,
    0.24518056498332458,
    0.24448552118106323,
    0.24412929808551614,
    0.24343730888583442,
    0.24294607774777846,
    0.2425416966730898,
    0.2419188695875081,
    0.24144285388968206,
    0.24084851240569896,
    0.24048476733944632,
    0.23994094742970032,
    0.23956886543468994,
    0.2389822932806882,
    0.238545985519886,
    0.23813109275969593,
    0.23767888383431868,
    0.23729594065384432,
    0.23685713627121666,
    0.23655588613315062,
    0.23607701713388615,
    0.2357623979449272,
    0.23538127527995542,
    0.2349916471676393,
    0.23467689752578735,
    0.2342110977931456,
    0.2338892722671682,
    0.23354255543513733,
    0.2333292374556715,
    0.23295859735120428,
    0.2325688528743657,
    0.23224344253540039,
    0.23192579272118483,
    0.23162107806314122,
    0.23119700266556306,
    0.23095639442855662,
    0.23068154738707977,
    0.23033524413000453,
    0.23012029853734103,
    0.2298361599445343,
    0.22948893809860402,
    0.22922504381699996,
    0.22884733487259257,
    0.22863338833505456,
    0.22828951410271905,
    0.22803902558305048,
    0.22779362242330203,
    0.22748729545961727
  ]
}